,precision,recall,f1-score,support
0,0.4039408866995074,0.5290322580645161,0.45810055865921795,155.0
1,0.6403940886699507,0.5179282868525896,0.5726872246696035,251.0
accuracy,0.5221674876847291,0.5221674876847291,0.5221674876847291,0.5221674876847291
macro avg,0.5221674876847291,0.5234802724585529,0.5153938916644107,406.0
weighted avg,0.5501225460457667,0.5221674876847291,0.5289410837050474,406.0
