,precision,recall,f1-score,support
0,0.35064935064935066,0.34838709677419355,0.34951456310679613,155.0
1,0.728494623655914,0.7304582210242587,0.7294751009421265,371.0
accuracy,0.6178707224334601,0.6178707224334601,0.6178707224334601,0.6178707224334601
macro avg,0.5395719871526323,0.5394226588992261,0.5394948320244614,526.0
weighted avg,0.617152385412535,0.6178707224334601,0.6175095432149855,526.0
