,precision,recall,f1-score,support
0,0.46,0.44019138755980863,0.4498777506112469,209.0
1,0.7346938775510204,0.75,0.7422680412371135,432.0
accuracy,0.6489859594383776,0.6489859594383776,0.6489859594383776,0.6489859594383776
macro avg,0.5973469387755103,0.5950956937799043,0.5960728959241802,641.0
weighted avg,0.6451291031233086,0.6489859594383776,0.6469332974917061,641.0
