protocol_name,frac_hi,n_pat_hi,no_ttt_hi,n_pres_hi,frac_lo,n_pat_lo,no_ttt_lo,n_pres_lo,odds_ratio,fisher_pval
ED TRAUMA 97 ADULT,0.3333333333333333,1,2,6,0.3333333333333333,1,2,5,1.0,1.0
ED TRAUMA RADIOLOGY,0.3333333333333333,1,2,4,0.3333333333333333,1,2,2,1.0,1.0
IP INTERAGENCY DISCHARGE ORDERS,0.3333333333333333,1,2,13,0.3333333333333333,1,2,7,1.0,1.0
IP MED GENERAL ADMIT,0.3333333333333333,1,2,14,0.3333333333333333,1,2,20,1.0,1.0
PRE-ADMISSION/PRE-OP ORDERS,0.3333333333333333,1,2,6,0.3333333333333333,1,2,2,1.0,1.0
SHC ANE PACU,0.3333333333333333,1,2,5,0.6666666666666666,2,1,12,0.25,1.0
SHC IP PAI PATIENT CONTROLLED ANALGESIA (PCA),0.3333333333333333,1,2,22,0.6666666666666666,2,1,22,0.25,1.0
SHC IP GENERAL DISCHARGE ORDER SET,0.6666666666666666,2,1,11,1.0,3,0,29,0.0,1.0
