,"Sodium, Ser/Plas",Heparin Activity Level,"Tacrolimus Level, FK506",Renal Function Panel,"Magnesium, Ser/Plas",Chem 10,CBC,"Triglyceride, Ser/Plas",Fibrinogen,Part Thromboplastin Time,"Blood Gases, Venous",Prothrombin Time,"Vancomycin Level, Trough","Phosphorus, Ser/Plas","Metabolic Panel, Comprehensive"
<24h,11229.483282674773,9935.361216730038,1808.0229226361032,2104.468085106383,1778.9914708963042,1663.0495790458374,2472.5656039904575,495.76719576719574,1752.0,1979.9592391304348,1933.377308707124,1747.8597964787593,1306.2381852551985,649.6696944673823,685.3285032109336
"[24h, 3d)",11752.27963525836,11062.737642585551,6651.862464183381,4272.340425531916,3879.2458476732004,4068.101028999065,3865.4304923010195,2466.666666666667,2623.555555555555,2671.5353260869565,2579.155672823219,2641.0919076078176,2434.152488972905,1739.0586292320395,1652.3958504857565
"[3d, 7d)",11828.267477203648,11178.7072243346,6826.647564469914,4571.91489361702,4300.014963339818,4312.628624883068,4221.101713294296,3649.73544973545,2831.111111111111,2848.6752717391305,2756.5963060686017,2829.106767888871,2649.0233144297413,2066.6804293971923,1963.2800922114277
>=7d,12886.018237082068,12336.501901140684,7915.4727793696275,5739.36170212766,5481.5202753254525,5420.579981290926,5375.081327260898,4971.957671957673,4006.0,3997.9619565217395,3997.3614775725596,3975.2867065094492,3940.7687460617517,3383.980181668043,3256.380701465503
