,"Uric Acid, Ser/Plas","LDH Total, Ser/Plas","Tacrolimus Level, FK506",Chem 10,Renal Function Panel,"Triglyceride, Ser/Plas","Magnesium, Ser/Plas",CBC,Gamma Glutamyl Trans,"Vancomycin Level, Trough",Hepatic Function Panel,Prothrombin Time,"Phosphorus, Ser/Plas"
<24h,6081.553398058252,3545.0516986706057,622.1419975932612,1257.3349633251833,1067.8776290630976,356.6282420749279,643.873950602263,1087.823108066023,260.42932361279867,571.7463848720801,195.6175298804781,321.875,192.84984678243106
"[24h, 3d)",7581.553398058252,5062.038404726736,3668.271159245888,3366.3406682966584,3269.7896749521988,1899.8559077809798,2408.9305268280814,2295.920274057926,1624.5443499392468,1552.2803114571745,936.6533864541833,1109.5982142857144,924.2083758937691
"[3d, 7d)",7707.766990291262,5256.277695716395,3811.472121941436,3577.832110839446,3488.336520076482,2770.1729106628245,2663.584377661516,2499.0968545624414,1917.7804779262858,1745.828698553949,1443.426294820717,1357.5892857142858,1110.929519918284
>=7d,8820.388349514562,6372.968980797637,4846.770958684317,4644.967400162999,4578.585086042065,4001.440922190202,3780.26523908018,3587.6673933354095,3116.6464155528556,2837.597330367075,2727.8884462151395,2491.964285714286,2271.70582226762
