,precision,recall,f1-score,support
0,0.4218009478672986,0.4258373205741627,0.4238095238095238,209.0
1,0.7209302325581395,0.7175925925925926,0.7192575406032483,432.0
accuracy,0.6224648985959438,0.6224648985959438,0.6224648985959438,0.6224648985959438
macro avg,0.571365590212719,0.5717149565833777,0.571533532206386,641.0
weighted avg,0.6233982192970072,0.6224648985959438,0.6229258159388359,641.0
