,precision,recall,f1-score,support
0,0.47391304347826085,0.5215311004784688,0.49658314350797267,209.0
1,0.7566909975669099,0.7199074074074074,0.7378410438908659,432.0
accuracy,0.6552262090483619,0.6552262090483619,0.6552262090483619,0.6552262090483619
macro avg,0.6153020205225854,0.6207192539429381,0.6172120936994193,641.0
weighted avg,0.6644903853913599,0.6552262090483619,0.6591781715351331,641.0
