,precision,recall,f1-score,support
0,0.3532934131736527,0.5645933014354066,0.43462246777163904,209.0
1,0.7035830618892508,0.5,0.584573748308525,432.0
accuracy,0.5210608424336973,0.5210608424336973,0.5210608424336973,0.5210608424336973
macro avg,0.5284382375314518,0.5322966507177034,0.509598108040082,641.0
weighted avg,0.5893700563017936,0.5210608424336973,0.5356816771194312,641.0
