,precision,recall,f1-score,support
0,0.3293768545994065,0.5311004784688995,0.4065934065934066,209.0
1,0.6776315789473685,0.47685185185185186,0.5597826086956522,432.0
accuracy,0.49453978159126366,0.49453978159126366,0.49453978159126366,0.49453978159126366
macro avg,0.5035042167733875,0.5039761651603757,0.4831880076445294,641.0
weighted avg,0.5640820666404667,0.49453978159126366,0.5098348033300214,641.0
