,precision,recall,f1-score,support
0,0.34124629080118696,0.5502392344497608,0.42124542124542125,209.0
1,0.6907894736842105,0.4861111111111111,0.5706521739130435,432.0
accuracy,0.5070202808112324,0.5070202808112324,0.5070202808112324,0.5070202808112324
macro avg,0.5160178822426987,0.5181751727804359,0.4959487975792324,641.0
weighted avg,0.5768198555523042,0.5070202808112324,0.5219376476922432,641.0
