,precision,recall,f1-score,support
0,0.47593582887700536,0.4258373205741627,0.4494949494949495,209.0
1,0.73568281938326,0.7731481481481481,0.7539503386004515,432.0
accuracy,0.6599063962558502,0.6599063962558502,0.6599063962558502,0.6599063962558502
macro avg,0.6058093241301327,0.5994927343611554,0.6017226440477005,641.0
weighted avg,0.6509915229467432,0.6599063962558502,0.6546817327922614,641.0
