,precision,recall,f1-score,support
0,0.4,0.36363636363636365,0.380952380952381,209.0
1,0.70509977827051,0.7361111111111112,0.7202718006795017,432.0
accuracy,0.6146645865834633,0.6146645865834633,0.6146645865834633,0.6146645865834633
macro avg,0.5525498891352549,0.5498737373737375,0.5506120908159413,641.0
weighted avg,0.6056210674147587,0.6146645865834633,0.6096356716265092,641.0
