,precision,recall,f1-score,support
0,0.4439252336448598,0.45454545454545453,0.4491725768321513,209.0
1,0.7330210772833724,0.7245370370370371,0.7287543655413271,432.0
accuracy,0.6365054602184087,0.6365054602184087,0.6365054602184087,0.6365054602184087
macro avg,0.588473155464116,0.5895412457912458,0.5889634711867392,641.0
weighted avg,0.6387604980003004,0.6365054602184087,0.6375958728108783,641.0
