,precision,recall,f1-score,support
0,0.46842105263157896,0.4258373205741627,0.44611528822055135,209.0
1,0.7339246119733924,0.7662037037037037,0.7497168742921857,432.0
accuracy,0.6552262090483619,0.6552262090483619,0.6552262090483619,0.6552262090483619
macro avg,0.6011728323024856,0.5960205121389333,0.5979160812563685,641.0
weighted avg,0.6473563687558589,0.6552262090483619,0.6507266535605608,641.0
