,precision,recall,f1-score,support
0,0.4512820512820513,0.42105263157894735,0.4356435643564357,209.0
1,0.7286995515695067,0.7523148148148148,0.7403189066059225,432.0
accuracy,0.6443057722308893,0.6443057722308893,0.6443057722308893,0.6443057722308893
macro avg,0.589990801425779,0.5866837231968811,0.5879812354811791,641.0
weighted avg,0.6382467316629885,0.6443057722308893,0.6409785844060119,641.0
