,precision,recall,f1-score,support
0,0.34593023255813954,0.569377990430622,0.4303797468354431,209.0
1,0.696969696969697,0.4791666666666667,0.5679012345679013,432.0
accuracy,0.5085803432137286,0.5085803432137286,0.5085803432137286,0.5085803432137286
macro avg,0.5214499647639183,0.5242723285486444,0.4991404907016722,641.0
weighted avg,0.5825122116935418,0.5085803432137286,0.5230619351356334,641.0
