,precision,recall,f1-score,support
0,0.39465875370919884,0.6363636363636364,0.48717948717948717,209.0
1,0.75,0.5277777777777778,0.6195652173913044,432.0
accuracy,0.5631825273010921,0.5631825273010921,0.5631825273010921,0.5631825273010921
macro avg,0.5723293768545994,0.5820707070707071,0.5533723522853958,641.0
weighted avg,0.6341399056555734,0.5631825273010921,0.5764004473222407,641.0
