,precision,recall,f1-score,support
0,0.48936170212765956,0.44019138755980863,0.4634760705289673,209.0
1,0.7417218543046358,0.7777777777777778,0.759322033898305,432.0
accuracy,0.6677067082683308,0.6677067082683308,0.6677067082683308,0.6677067082683308
macro avg,0.6155417782161476,0.6089845826687932,0.6113990522136361,641.0
weighted avg,0.6594390589770412,0.6677067082683308,0.6628605575423119,641.0
