,precision,recall,f1-score,support
0,0.35071090047393366,0.35406698564593303,0.3523809523809524,209.0
1,0.686046511627907,0.6828703703703703,0.6844547563805105,432.0
accuracy,0.5756630265210608,0.5756630265210608,0.5756630265210608,0.5756630265210608
macro avg,0.5183787060509203,0.5184686780081517,0.5184178543807314,641.0
weighted avg,0.5767093154794195,0.5756630265210608,0.5761810823775344,641.0
