,precision,recall,f1-score,support
0,0.4631578947368421,0.42105263157894735,0.44110275689223055,209.0
1,0.7317073170731707,0.7638888888888888,0.7474518686296715,432.0
accuracy,0.6521060842433697,0.6521060842433697,0.6521060842433697,0.6521060842433697
macro avg,0.5974326059050064,0.5924707602339181,0.5942773127609511,641.0
weighted avg,0.6441459609603896,0.6521060842433697,0.647565808796403,641.0
