,precision,recall,f1-score,support
0,0.44660194174757284,0.44019138755980863,0.44337349397590364,209.0
1,0.7310344827586207,0.7361111111111112,0.7335640138408304,432.0
accuracy,0.6396255850234009,0.6396255850234009,0.6396255850234009,0.6396255850234009
macro avg,0.5888182122530967,0.5881512493354599,0.5884687539083671,641.0
weighted avg,0.6382943874835676,0.6396255850234009,0.6389465120439979,641.0
