,precision,recall,f1-score,support
0,0.4238095238095238,0.4258373205741627,0.4248210023866349,209.0
1,0.7215777262180975,0.7199074074074074,0.7207415990730012,432.0
accuracy,0.62402496099844,0.62402496099844,0.62402496099844,0.62402496099844
macro avg,0.5726936250138106,0.5728723639907851,0.572781300729818,641.0
weighted avg,0.6244894979756765,0.62402496099844,0.6242557882969473,641.0
