,precision,recall,f1-score,support
0,0.45454545454545453,0.4784688995215311,0.4662004662004662,209.0
1,0.7410926365795725,0.7222222222222222,0.7315357561547481,432.0
accuracy,0.6427457098283932,0.6427457098283932,0.6427457098283932,0.6427457098283932
macro avg,0.5978190455625135,0.6003455608718766,0.5988681111776071,641.0
weighted avg,0.6476630561659521,0.6427457098283932,0.6450223776829151,641.0
