,precision,recall,f1-score,support
0,0.37668161434977576,0.4019138755980861,0.38888888888888884,209.0
1,0.7009569377990431,0.6782407407407407,0.6894117647058823,432.0
accuracy,0.5881435257410297,0.5881435257410297,0.5881435257410297,0.5881435257410297
macro avg,0.5388192760744095,0.5400773081694135,0.5391503267973856,641.0
weighted avg,0.5952259821034162,0.5881435257410297,0.5914253668185943,641.0
