,precision,recall,f1-score,support
0,0.517948717948718,0.48325358851674644,0.5,209.0
1,0.757847533632287,0.7824074074074074,0.7699316628701595,432.0
accuracy,0.6848673946957878,0.6848673946957878,0.6848673946957878,0.6848673946957878
macro avg,0.6378981257905025,0.6328304979620769,0.6349658314350797,641.0
weighted avg,0.6796277949772699,0.6848673946957878,0.6819196230263789,641.0
