,precision,recall,f1-score,support
0,0.36443148688046645,0.5980861244019139,0.45289855072463764,209.0
1,0.7181208053691275,0.49537037037037035,0.5863013698630136,432.0
accuracy,0.5288611544461779,0.5288611544461779,0.5288611544461779,0.5288611544461779
macro avg,0.541276146124797,0.5467282473861421,0.5195999602938256,641.0
weighted avg,0.6027993271099541,0.5288611544461779,0.5428049748553372,641.0
