,precision,recall,f1-score,support
0,0.3819241982507289,0.6267942583732058,0.47463768115942034,209.0
1,0.738255033557047,0.5092592592592593,0.6027397260273973,432.0
accuracy,0.5475819032761311,0.5475819032761311,0.5475819032761311,0.5475819032761311
macro avg,0.560089615903888,0.5680267588162325,0.5386887035934088,641.0
weighted avg,0.6220722807036609,0.5475819032761311,0.560971664596185,641.0
