,precision,recall,f1-score,support
0,0.45365853658536587,0.4449760765550239,0.44927536231884063,209.0
1,0.7339449541284404,0.7407407407407407,0.7373271889400922,432.0
accuracy,0.6443057722308893,0.6443057722308893,0.6443057722308893,0.6443057722308893
macro avg,0.5938017453569031,0.5928584086478823,0.5933012756294664,641.0
weighted avg,0.6425567150231322,0.6443057722308893,0.6434070145815249,641.0
