,precision,recall,f1-score,support
0,0.336283185840708,0.5454545454545454,0.41605839416058393,209.0
1,0.6854304635761589,0.4791666666666667,0.5640326975476839,432.0
accuracy,0.500780031201248,0.500780031201248,0.500780031201248,0.500780031201248
macro avg,0.5108568247084334,0.5123106060606061,0.49004554585413396,641.0
weighted avg,0.5715899315220103,0.500780031201248,0.5157852257724829,641.0
