,precision,recall,f1-score,support
0,0.35294117647058826,0.6028708133971292,0.4452296819787986,209.0
1,0.7077464788732394,0.4652777777777778,0.5614525139664804,432.0
accuracy,0.5101404056162246,0.5101404056162246,0.5101404056162246,0.5101404056162246
macro avg,0.5303438276719138,0.5340742955874536,0.5033410979726395,641.0
weighted avg,0.5920611306639506,0.5101404056162246,0.5235577060328993,641.0
