,precision,recall,f1-score,support
0,0.46153846153846156,0.45933014354066987,0.46043165467625896,209.0
1,0.7390300230946882,0.7407407407407407,0.7398843930635838,432.0
accuracy,0.6489859594383776,0.6489859594383776,0.6489859594383776,0.6489859594383776
macro avg,0.6002842423165748,0.6000354421407053,0.6001580238699213,641.0
weighted avg,0.6485530552861837,0.6489859594383776,0.6487679775831612,641.0
