,precision,recall,f1-score,support
0,0.36627906976744184,0.6028708133971292,0.45569620253164556,209.0
1,0.7205387205387206,0.49537037037037035,0.5871056241426612,432.0
accuracy,0.5304212168486739,0.5304212168486739,0.5304212168486739,0.5304212168486739
macro avg,0.5434088951530812,0.5491205918837498,0.5214009133371533,641.0
weighted avg,0.6050312837037795,0.5304212168486739,0.5442591824629385,641.0
