,precision,recall,f1-score,support
0,0.4099099099099099,0.4354066985645933,0.4222737819025522,209.0
1,0.7183770883054893,0.6967592592592593,0.7074030552291423,432.0
accuracy,0.6115444617784711,0.6115444617784711,0.6115444617784711,0.6115444617784711
macro avg,0.5641434991076996,0.5660829789119263,0.5648384185658473,641.0
weighted avg,0.6178004263949182,0.6115444617784711,0.6144357882630621,641.0
