,precision,recall,f1-score,support
0,0.3668639053254438,0.5933014354066986,0.453382084095064,209.0
1,0.7194719471947195,0.5046296296296297,0.5931972789115646,432.0
accuracy,0.5335413416536662,0.5335413416536662,0.5335413416536662,0.5335413416536662
macro avg,0.5431679262600817,0.5489655325181642,0.5232896815033143,641.0
weighted avg,0.6045030224666718,0.5335413416536662,0.5476101093068085,641.0
