,precision,recall,f1-score,support
0,0.46113989637305697,0.4258373205741627,0.4427860696517413,209.0
1,0.7321428571428571,0.7592592592592593,0.7454545454545455,432.0
accuracy,0.6505460218408736,0.6505460218408736,0.6505460218408736,0.6505460218408736
macro avg,0.596641376757957,0.5925482899167109,0.5941203075531434,641.0
weighted avg,0.6437815173598802,0.6505460218408736,0.6467685681647076,641.0
