,precision,recall,f1-score,support
0,0.3716577540106952,0.6650717703349283,0.476843910806175,209.0
1,0.7378277153558053,0.45601851851851855,0.5636623748211731,432.0
accuracy,0.5241809672386896,0.5241809672386896,0.5241809672386896,0.5241809672386896
macro avg,0.5547427346832502,0.5605451444267234,0.5202531428136741,641.0
weighted avg,0.6184368855256523,0.5241809672386896,0.5353549505167509,641.0
