,precision,recall,f1-score,support
0,0.495,0.47368421052631576,0.48410757946210264,209.0
1,0.7505668934240363,0.7662037037037037,0.7583046964490264,432.0
accuracy,0.6708268330733229,0.6708268330733229,0.6708268330733229,0.6708268330733229
macro avg,0.6227834467120181,0.6199439571150097,0.6212061379555646,641.0
weighted avg,0.6672385303575408,0.6708268330733229,0.6689018923144444,641.0
