,precision,recall,f1-score,support
0,0.3185840707964602,0.5167464114832536,0.39416058394160586,209.0
1,0.6655629139072847,0.4652777777777778,0.547683923705722,432.0
accuracy,0.48205928237129486,0.48205928237129486,0.48205928237129486,0.48205928237129486
macro avg,0.4920734923518725,0.4910120946305157,0.4709222538236639,641.0
weighted avg,0.5524294065591375,0.48205928237129486,0.497627171738951,641.0
