,precision,recall,f1-score,support
0,0.32,0.5358851674641149,0.40071556350626125,209.0
1,0.6666666666666666,0.44907407407407407,0.5366528354080221,432.0
accuracy,0.47737909516380655,0.47737909516380655,0.47737909516380655,0.47737909516380655
macro avg,0.4933333333333333,0.49247962076909446,0.4686841994571417,641.0
weighted avg,0.5536349453978159,0.47737909516380655,0.4923300743667303,641.0
