,precision,recall,f1-score,support
0,0.35714285714285715,0.5980861244019139,0.44722719141323797,209.0
1,0.711340206185567,0.4791666666666667,0.5726141078838175,432.0
accuracy,0.5179407176287052,0.5179407176287052,0.5179407176287052,0.5179407176287052
macro avg,0.5342415316642121,0.5386263955342903,0.5099206496485278,641.0
weighted avg,0.5958530830187552,0.5179407176287052,0.5317313223263275,641.0
