,precision,recall,f1-score,support
0,0.37142857142857144,0.6220095693779905,0.4651162790697675,209.0
1,0.7285223367697594,0.49074074074074076,0.5864453665283541,432.0
accuracy,0.5335413416536662,0.5335413416536662,0.5335413416536662,0.5335413416536662
macro avg,0.5499754540991655,0.5563751550593656,0.5257808227990608,641.0
weighted avg,0.612090828257578,0.5335413416536662,0.5468856484646339,641.0
