,precision,recall,f1-score,support
0,0.37960339943342775,0.6411483253588517,0.4768683274021352,209.0
1,0.7395833333333334,0.4930555555555556,0.5916666666666668,432.0
accuracy,0.5413416536661466,0.5413416536661466,0.5413416536661466,0.5413416536661466
macro avg,0.5595933663833805,0.5671019404572036,0.534267497034401,641.0
weighted avg,0.622210780782506,0.5413416536661466,0.554236318918949,641.0
