,precision,recall,f1-score,support
0,0.4729064039408867,0.45933014354066987,0.4660194174757281,209.0
1,0.7420091324200914,0.7523148148148148,0.7471264367816092,432.0
accuracy,0.656786271450858,0.656786271450858,0.656786271450858,0.656786271450858
macro avg,0.607457768180489,0.6058224791777423,0.6065729271286686,641.0
weighted avg,0.654267369156201,0.656786271450858,0.6554706379751675,641.0
