,precision,recall,f1-score,support
0,0.42473118279569894,0.37799043062200954,0.4,209.0
1,0.7142857142857143,0.7523148148148148,0.7328072153325818,432.0
accuracy,0.6302652106084243,0.6302652106084243,0.6302652106084243,0.6302652106084243
macro avg,0.5695084485407066,0.5651526227184122,0.5664036076662908,641.0
weighted avg,0.6198755784332756,0.6302652106084243,0.6242944103333469,641.0
