,precision,recall,f1-score,support
0,0.45685279187817257,0.430622009569378,0.44334975369458124,209.0
1,0.7319819819819819,0.7523148148148148,0.7420091324200914,432.0
accuracy,0.6474258970358814,0.6474258970358814,0.6474258970358814,0.6474258970358814
macro avg,0.5944173869300773,0.5914684121920963,0.5926794430573363,641.0
weighted avg,0.6422752725721596,0.6474258970358814,0.6446303334284664,641.0
