,precision,recall,f1-score,support
0,0.47115384615384615,0.4688995215311005,0.47002398081534774,209.0
1,0.74364896073903,0.7453703703703703,0.7445086705202312,432.0
accuracy,0.6552262090483619,0.6552262090483619,0.6552262090483619,0.6552262090483619
macro avg,0.6074014034464381,0.6071349459507354,0.6072663256677895,641.0
weighted avg,0.6548010996652336,0.6552262090483619,0.6550121024261273,641.0
