,precision,recall,f1-score,support
0,0.47549019607843135,0.46411483253588515,0.46973365617433416,209.0
1,0.7437070938215103,0.7523148148148148,0.7479861910241657,432.0
accuracy,0.6583463338533542,0.6583463338533542,0.6583463338533542,0.6583463338533542
macro avg,0.6095986449499708,0.60821482367535,0.60885992359925,641.0
weighted avg,0.6562541583639386,0.6583463338533542,0.657261105558308,641.0
