,precision,recall,f1-score,support
0,0.36645962732919257,0.5645933014354066,0.4444444444444444,209.0
1,0.7147335423197492,0.5277777777777778,0.607190412782956,432.0
accuracy,0.5397815912636506,0.5397815912636506,0.5397815912636506,0.5397815912636506
macro avg,0.5405965848244709,0.5461855396065922,0.5258174286137003,641.0
weighted avg,0.6011777728454492,0.5397815912636506,0.554126594713145,641.0
