,precision,recall,f1-score,support
0,0.45544554455445546,0.44019138755980863,0.44768856447688565,209.0
1,0.7334851936218679,0.7453703703703703,0.7393800229621125,432.0
accuracy,0.6458658346333853,0.6458658346333853,0.6458658346333853,0.6458658346333853
macro avg,0.5944653690881617,0.5927808789650895,0.5935342937194991,641.0
weighted avg,0.6428295202129924,0.6458658346333853,0.6442731355620931,641.0
