,precision,recall,f1-score,support
0,0.4336283185840708,0.4688995215311005,0.4505747126436782,209.0
1,0.7325301204819277,0.7037037037037037,0.7178276269185361,432.0
accuracy,0.6271450858034321,0.6271450858034321,0.6271450858034321,0.6271450858034321
macro avg,0.5830792195329992,0.5863016126174021,0.5842011697811071,641.0
weighted avg,0.6350722786774782,0.6271450858034321,0.6306890012033328,641.0
