,precision,recall,f1-score,support
0,0.4393939393939394,0.41626794258373206,0.4275184275184275,209.0
1,0.7246049661399548,0.7430555555555556,0.7337142857142858,432.0
accuracy,0.6365054602184087,0.6365054602184087,0.6365054602184087,0.6365054602184087
macro avg,0.5819994527669471,0.5796617490696439,0.5806163566163567,641.0
weighted avg,0.6316110432227673,0.6365054602184087,0.6338781946644662,641.0
