,precision,recall,f1-score,support
0,0.3667621776504298,0.6124401913875598,0.45878136200716846,209.0
1,0.7226027397260274,0.48842592592592593,0.5828729281767956,432.0
accuracy,0.5288611544461779,0.5288611544461779,0.5288611544461779,0.5288611544461779
macro avg,0.5446824586882286,0.5504330586567429,0.520827145091982,641.0
weighted avg,0.6065798419509886,0.5288611544461779,0.5424124955255444,641.0
