,precision,recall,f1-score,support
0,0.3773006134969325,0.5885167464114832,0.45981308411214955,209.0
1,0.726984126984127,0.5300925925925926,0.6131191432396251,432.0
accuracy,0.5491419656786272,0.5491419656786272,0.5491419656786272,0.5491419656786272
macro avg,0.5521423702405297,0.5593046695020378,0.5364661136758874,641.0
weighted avg,0.6129687536318279,0.5491419656786272,0.5631332362854248,641.0
