,precision,recall,f1-score,support
0,0.4375,0.4354066985645933,0.4364508393285372,209.0
1,0.7274826789838337,0.7291666666666666,0.7283236994219654,432.0
accuracy,0.6333853354134166,0.6333853354134166,0.6333853354134166,0.6333853354134166
macro avg,0.5824913394919169,0.58228668261563,0.5823872693752513,641.0
weighted avg,0.6329329443385587,0.6333853354134166,0.6331576654757461,641.0
