,precision,recall,f1-score,support
0,0.46296296296296297,0.4784688995215311,0.47058823529411764,209.0
1,0.7435294117647059,0.7314814814814815,0.7374562427071178,432.0
accuracy,0.6489859594383776,0.6489859594383776,0.6489859594383776,0.6489859594383776
macro avg,0.6032461873638344,0.6049751905015063,0.6040222390006178,641.0
weighted avg,0.6520498676156197,0.6489859594383776,0.6504431170451568,641.0
