,precision,recall,f1-score,support
0,0.34626865671641793,0.5550239234449761,0.42647058823529416,209.0
1,0.696078431372549,0.4930555555555556,0.5772357723577236,432.0
accuracy,0.5132605304212169,0.5132605304212169,0.5132605304212169,0.5132605304212169
macro avg,0.5211735440444835,0.5240397395002658,0.5018531802965089,641.0
weighted avg,0.5820218901820163,0.5132605304212169,0.5280783254285695,641.0
