,precision,recall,f1-score,support
0,0.4307692307692308,0.4019138755980861,0.4158415841584158,209.0
1,0.7197309417040358,0.7430555555555556,0.7312072892938496,432.0
accuracy,0.6318252730109204,0.6318252730109204,0.6318252730109204,0.6318252730109204
macro avg,0.5752500862366333,0.5724847155768209,0.5735244367261327,641.0
weighted avg,0.6255140967970557,0.6318252730109204,0.6283813417535911,641.0
