,precision,recall,f1-score,support
0,0.40425531914893614,0.36363636363636365,0.3828715365239295,209.0
1,0.7064017660044151,0.7407407407407407,0.7231638418079097,432.0
accuracy,0.6177847113884556,0.6177847113884556,0.6177847113884556,0.6177847113884556
macro avg,0.5553285425766756,0.5521885521885521,0.5530176891659196,641.0
weighted avg,0.6078859978409282,0.6177847113884556,0.6122105004594668,641.0
