,precision,recall,f1-score,support
0,0.365625,0.5598086124401914,0.44234404536862004,209.0
1,0.7133956386292835,0.5300925925925926,0.6082337317397077,432.0
accuracy,0.5397815912636506,0.5397815912636506,0.5397815912636506,0.5397815912636506
macro avg,0.5395103193146418,0.5449506025163919,0.5252888885541639,641.0
weighted avg,0.6000039639436043,0.5397815912636506,0.5541448948418024,641.0
