,precision,recall,f1-score,support
0,0.5340314136125655,0.4880382775119617,0.51,209.0
1,0.7622222222222222,0.7939814814814815,0.7777777777777778,432.0
accuracy,0.6942277691107644,0.6942277691107644,0.6942277691107644,0.6942277691107644
macro avg,0.6481268179173938,0.6410098794967216,0.643888888888889,641.0
weighted avg,0.6878199148908365,0.6942277691107644,0.6904680187207489,641.0
