,precision,recall,f1-score,support
0,0.45871559633027525,0.4784688995215311,0.468384074941452,209.0
1,0.7423167848699763,0.7268518518518519,0.7345029239766081,432.0
accuracy,0.6458658346333853,0.6458658346333853,0.6458658346333853,0.6458658346333853
macro avg,0.6005161906001257,0.6026603756866915,0.6014434994590301,641.0
weighted avg,0.6498477545972813,0.6458658346333853,0.6477340636827742,641.0
