,precision,recall,f1-score,support
0,0.34365325077399383,0.5311004784688995,0.41729323308270677,209.0
1,0.6918238993710691,0.5092592592592593,0.5866666666666667,432.0
accuracy,0.516380655226209,0.516380655226209,0.516380655226209,0.516380655226209
macro avg,0.5177385750725315,0.5201798688640794,0.5019799498746867,641.0
weighted avg,0.5783018002185125,0.516380655226209,0.5314419433920214,641.0
