,precision,recall,f1-score,support
0,0.45454545454545453,0.45454545454545453,0.45454545454545453,209.0
1,0.7361111111111112,0.7361111111111112,0.7361111111111113,432.0
accuracy,0.6443057722308893,0.6443057722308893,0.6443057722308893,0.6443057722308893
macro avg,0.5953282828282829,0.5953282828282829,0.5953282828282829,641.0
weighted avg,0.6443057722308893,0.6443057722308893,0.6443057722308894,641.0
