,precision,recall,f1-score,support
0,0.40358744394618834,0.430622009569378,0.4166666666666667,209.0
1,0.715311004784689,0.6921296296296297,0.703529411764706,432.0
accuracy,0.6068642745709828,0.6068642745709828,0.6068642745709828,0.6068642745709828
macro avg,0.5594492243654386,0.5613758195995038,0.5600980392156863,641.0
weighted avg,0.6136725894722919,0.6068642745709828,0.6099969410541127,641.0
