,precision,recall,f1-score,support
0,0.3776435045317221,0.5980861244019139,0.46296296296296297,209.0
1,0.7290322580645161,0.5231481481481481,0.6091644204851753,432.0
accuracy,0.5475819032761311,0.5475819032761311,0.5475819032761311,0.5475819032761311
macro avg,0.5533378812981191,0.560617136275031,0.5360636917240691,641.0
weighted avg,0.6144608860078017,0.5475819032761311,0.5614949904974336,641.0
