,precision,recall,f1-score,support
0,0.3515151515151515,0.5550239234449761,0.43042671614100186,209.0
1,0.7009646302250804,0.5046296296296297,0.5868102288021534,432.0
accuracy,0.5210608424336973,0.5210608424336973,0.5210608424336973,0.5210608424336973
macro avg,0.5262398908701159,0.5298267765373028,0.5086184724715777,641.0
weighted avg,0.5870255646238711,0.5210608424336973,0.5358209087613099,641.0
