,precision,recall,f1-score,support
0,0.34796238244514105,0.5311004784688995,0.4204545454545454,209.0
1,0.6956521739130435,0.5185185185185185,0.5941644562334217,432.0
accuracy,0.5226209048361935,0.5226209048361935,0.5226209048361935,0.5226209048361935
macro avg,0.5218072781790922,0.5248094984937091,0.5073095008439836,641.0
weighted avg,0.5822868596902796,0.5226209048361935,0.5375258113772826,641.0
