,precision,recall,f1-score,support
0,0.44285714285714284,0.4449760765550239,0.4439140811455847,209.0
1,0.7308584686774942,0.7291666666666666,0.7300115874855156,432.0
accuracy,0.6365054602184087,0.6365054602184087,0.6365054602184087,0.6365054602184087
macro avg,0.5868578057673185,0.5870713716108453,0.5869628343155502,641.0
weighted avg,0.6369547602586901,0.6365054602184087,0.6367286251999532,641.0
