,precision,recall,f1-score,support
0,0.4830917874396135,0.4784688995215311,0.4807692307692308,209.0
1,0.7488479262672811,0.7523148148148148,0.7505773672055427,432.0
accuracy,0.6630265210608425,0.6630265210608425,0.6630265210608425,0.6630265210608425
macro avg,0.6159698568534473,0.6153918571681729,0.6156732989873868,641.0
weighted avg,0.6621973287400073,0.6630265210608425,0.6626056035313006,641.0
