,precision,recall,f1-score,support
0,0.3614457831325301,0.5741626794258373,0.4436229205175601,209.0
1,0.7119741100323624,0.5092592592592593,0.5937921727395412,432.0
accuracy,0.5304212168486739,0.5304212168486739,0.5304212168486739,0.5304212168486739
macro avg,0.5367099465824463,0.5417109693425484,0.5187075466285507,641.0
weighted avg,0.5976832826968478,0.5304212168486739,0.5448290312194257,641.0
