,precision,recall,f1-score,support
0,0.4322916666666667,0.39712918660287083,0.41396508728179554,209.0
1,0.7193763919821826,0.7476851851851852,0.7332576617480137,432.0
accuracy,0.6333853354134166,0.6333853354134166,0.6333853354134166,0.6333853354134166
macro avg,0.5758340293244246,0.5724071858940281,0.5736113745149046,641.0
weighted avg,0.6257715439463905,0.6333853354134166,0.6291513465164387,641.0
