,precision,recall,f1-score,support
0,0.45454545454545453,0.430622009569378,0.44226044226044225,209.0
1,0.7313769751693002,0.75,0.7405714285714287,432.0
accuracy,0.6458658346333853,0.6458658346333853,0.6458658346333853,0.6458658346333853
macro avg,0.5929612148573774,0.590311004784689,0.5914159354159354,641.0
weighted avg,0.6411152157147234,0.6458658346333853,0.6433062239864112,641.0
