,precision,recall,f1-score,support
0,0.49514563106796117,0.4880382775119617,0.491566265060241,209.0
1,0.7540229885057471,0.7592592592592593,0.7566320645905421,432.0
accuracy,0.6708268330733229,0.6708268330733229,0.6708268330733229,0.6708268330733229
macro avg,0.6245843097868542,0.6236487683856105,0.6240991648253915,641.0
weighted avg,0.6696152385767342,0.6708268330733229,0.6702065542912707,641.0
