,precision,recall,f1-score,support
0,0.41379310344827586,0.45933014354066987,0.43537414965986393,209.0
1,0.7237163814180929,0.6851851851851852,0.703923900118906,432.0
accuracy,0.6115444617784711,0.6115444617784711,0.6115444617784711,0.6115444617784711
macro avg,0.5687547424331844,0.5722576643629276,0.569649024889385,641.0
weighted avg,0.6226649538117095,0.6115444617784711,0.616362437020716,641.0
