,precision,recall,f1-score,support
0,0.422680412371134,0.3923444976076555,0.40694789081885857,209.0
1,0.7158836689038032,0.7407407407407407,0.7281001137656428,432.0
accuracy,0.6271450858034321,0.6271450858034321,0.6271450858034321,0.6271450858034321
macro avg,0.5692820406374686,0.5665426191741981,0.5675240022922506,641.0
weighted avg,0.6202838551513417,0.6271450858034321,0.6233874544897022,641.0
