,precision,recall,f1-score,support
0,0.4444444444444444,0.45933014354066987,0.45176470588235296,209.0
1,0.7341176470588235,0.7222222222222222,0.7281213535589265,432.0
accuracy,0.6365054602184087,0.6365054602184087,0.6365054602184087,0.6365054602184087
macro avg,0.589281045751634,0.5907761828814461,0.5899430297206397,641.0
weighted avg,0.6396688181252741,0.6365054602184087,0.638014427873429,641.0
