,precision,recall,f1-score,support
0,0.3724340175953079,0.6076555023923444,0.4618181818181818,209.0
1,0.7266666666666667,0.5046296296296297,0.5956284153005464,432.0
accuracy,0.5382215288611545,0.5382215288611545,0.5382215288611545,0.5382215288611545
macro avg,0.5495503421309873,0.5561425660109871,0.5287232985593642,641.0
weighted avg,0.6111680338181269,0.5382215288611545,0.5519991816066085,641.0
