,precision,recall,f1-score,support
0,0.35522388059701493,0.569377990430622,0.4375,209.0
1,0.7058823529411765,0.5,0.5853658536585366,432.0
accuracy,0.5226209048361935,0.5226209048361935,0.5226209048361935,0.5226209048361935
macro avg,0.5305531167690958,0.534688995215311,0.5114329268292683,641.0
weighted avg,0.5915490912876199,0.5226209048361935,0.5371537422472509,641.0
