,precision,recall,f1-score,support
0,0.3518005540166205,0.6076555023923444,0.44561403508771935,209.0
1,0.7071428571428572,0.4583333333333333,0.5561797752808989,432.0
accuracy,0.5070202808112324,0.5070202808112324,0.5070202808112324,0.5070202808112324
macro avg,0.5294717055797389,0.5329944178628389,0.5008969051843091,641.0
weighted avg,0.5912824182140218,0.5070202808112324,0.5201294793364769,641.0
