,precision,recall,f1-score,support
0,0.4413145539906103,0.44976076555023925,0.44549763033175355,209.0
1,0.7313084112149533,0.7245370370370371,0.7279069767441861,432.0
accuracy,0.6349453978159126,0.6349453978159126,0.6349453978159126,0.6349453978159126
macro avg,0.5863114826027818,0.5871489012936382,0.5867023035379698,641.0
weighted avg,0.6367550318703548,0.6349453978159126,0.6358265502228158,641.0
