,precision,recall,f1-score,support
0,0.455,0.4354066985645933,0.4449877750611247,209.0
1,0.7324263038548753,0.7476851851851852,0.7399770904925546,432.0
accuracy,0.6458658346333853,0.6458658346333853,0.6458658346333853,0.6458658346333853
macro avg,0.5937131519274377,0.5915459418748893,0.5924824327768397,641.0
weighted avg,0.6419706135184183,0.6458658346333853,0.6437949268027435,641.0
