,precision,recall,f1-score,support
0,0.546448087431694,0.4784688995215311,0.5102040816326531,209.0
1,0.7620087336244541,0.8078703703703703,0.7842696629213481,432.0
accuracy,0.7004680187207488,0.7004680187207488,0.7004680187207488,0.7004680187207488
macro avg,0.654228410528074,0.6431696349459507,0.6472368722770006,641.0
weighted avg,0.6917245291715886,0.7004680187207488,0.6949097464013212,641.0
