,precision,recall,f1-score,support
0,0.4325581395348837,0.4449760765550239,0.4386792452830189,209.0
1,0.7276995305164319,0.7175925925925926,0.7226107226107226,432.0
accuracy,0.6287051482059283,0.6287051482059283,0.6287051482059283,0.6287051482059283
macro avg,0.5801288350256578,0.5812843345738082,0.5806449839468707,641.0
weighted avg,0.6314677821308725,0.6287051482059283,0.6300340006739206,641.0
