,precision,recall,f1-score,support
0,0.4752475247524752,0.45933014354066987,0.4671532846715329,209.0
1,0.7425968109339408,0.7546296296296297,0.748564867967853,432.0
accuracy,0.6583463338533542,0.6583463338533542,0.6583463338533542,0.6583463338533542
macro avg,0.608922167843208,0.6069798865851498,0.6078590763196929,641.0
weighted avg,0.655426762865413,0.6583463338533542,0.6568097651458079,641.0
