,precision,recall,f1-score,support
0,0.3829113924050633,0.5789473684210527,0.4609523809523809,209.0
1,0.7292307692307692,0.5486111111111112,0.6261558784676355,432.0
accuracy,0.5585023400936038,0.5585023400936038,0.5585023400936038,0.5585023400936038
macro avg,0.5560710808179162,0.5637792397660819,0.5435541297100082,641.0
weighted avg,0.6163122828710617,0.5585023400936038,0.5722907755336446,641.0
