,precision,recall,f1-score,support
0,0.44559585492227977,0.41148325358851673,0.42786069651741293,209.0
1,0.7254464285714286,0.7523148148148148,0.7386363636363636,432.0
accuracy,0.641185647425897,0.641185647425897,0.641185647425897,0.641185647425897
macro avg,0.5855211417468542,0.5818990342016658,0.5832485300768883,641.0
weighted avg,0.634200297693625,0.641185647425897,0.6373070119548337,641.0
