,precision,recall,f1-score,support
0,0.4079601990049751,0.3923444976076555,0.39999999999999997,209.0
1,0.7113636363636363,0.7245370370370371,0.7178899082568807,432.0
accuracy,0.6162246489859594,0.6162246489859594,0.6162246489859594,0.6162246489859594
macro avg,0.5596619176843057,0.5584407673223463,0.5589449541284404,641.0
weighted avg,0.6124380226226688,0.6162246489859594,0.6142409366099414,641.0
