,precision,recall,f1-score,support
0,0.4897959183673469,0.45933014354066987,0.47407407407407404,209.0
1,0.7460674157303371,0.7685185185185185,0.7571265678449259,432.0
accuracy,0.6677067082683308,0.6677067082683308,0.6677067082683308,0.6677067082683308
macro avg,0.617931667048842,0.6139243310295942,0.6156003209595,641.0
weighted avg,0.6625093144060549,0.6677067082683308,0.6648364411708104,641.0
