,precision,recall,f1-score,support
0,0.3848396501457726,0.631578947368421,0.47826086956521746,209.0
1,0.7416107382550335,0.5115740740740741,0.6054794520547945,432.0
accuracy,0.5507020280811232,0.5507020280811232,0.5507020280811232,0.5507020280811232
macro avg,0.5632251942004031,0.5715765107212476,0.5418701608100059,641.0
weighted avg,0.6252844396359454,0.5507020280811232,0.5639994462196594,641.0
