,precision,recall,f1-score,support
0,0.5074626865671642,0.4880382775119617,0.4975609756097561,209.0
1,0.7568181818181818,0.7708333333333334,0.7637614678899082,432.0
accuracy,0.6786271450858035,0.6786271450858035,0.6786271450858035,0.6786271450858035
macro avg,0.6321404341926731,0.6294358054226475,0.6306612217498322,641.0
weighted avg,0.6755150640218281,0.6786271450858035,0.6769659875676745,641.0
