,precision,recall,f1-score,support
0,0.3732193732193732,0.6267942583732058,0.46785714285714286,209.0
1,0.7310344827586207,0.49074074074074076,0.5872576177285318,432.0
accuracy,0.5351014040561622,0.5351014040561622,0.5351014040561622,0.5351014040561622
macro avg,0.552126927988997,0.5587674995569732,0.5275573802928373,641.0
weighted avg,0.6143677777762452,0.5351014040561622,0.5483267296659416,641.0
