,precision,recall,f1-score,support
0,0.42346938775510207,0.39712918660287083,0.4098765432098766,209.0
1,0.7168539325842697,0.7384259259259259,0.7274800456100342,432.0
accuracy,0.6271450858034321,0.6271450858034321,0.6271450858034321,0.6271450858034321
macro avg,0.5701616601696858,0.5677775562643984,0.5686782944099554,641.0
weighted avg,0.6211950092312337,0.6271450858034321,0.623924457463961,641.0
