,precision,recall,f1-score,support
0,0.40454545454545454,0.4258373205741627,0.4149184149184149,209.0
1,0.7149643705463183,0.6967592592592593,0.7057444314185228,432.0
accuracy,0.608424336973479,0.608424336973479,0.608424336973479,0.608424336973479
macro avg,0.5597549125458865,0.5612982899167109,0.5603314231684688,641.0
weighted avg,0.613751338652121,0.608424336973479,0.6109197240105314,641.0
