,precision,recall,f1-score,support
0,0.43617021276595747,0.3923444976076555,0.41309823677581864,209.0
1,0.7196467991169978,0.7546296296296297,0.7367231638418079,432.0
accuracy,0.6365054602184087,0.6365054602184087,0.6365054602184087,0.6365054602184087
macro avg,0.5779085059414777,0.5734870636186425,0.5749107003088133,641.0
weighted avg,0.6272183957669707,0.6365054602184087,0.6312042718655337,641.0
