,precision,recall,f1-score,support
0,0.39901477832512317,0.3875598086124402,0.3932038834951457,209.0
1,0.7077625570776256,0.7175925925925926,0.7126436781609196,432.0
accuracy,0.609984399375975,0.609984399375975,0.609984399375975,0.609984399375975
macro avg,0.5533886677013744,0.5525762006025163,0.5529237808280326,641.0
weighted avg,0.6070944045670593,0.609984399375975,0.6084893613354176,641.0
