,precision,recall,f1-score,support
0,0.43386243386243384,0.3923444976076555,0.41206030150753775,209.0
1,0.7190265486725663,0.7523148148148148,0.7352941176470588,432.0
accuracy,0.6349453978159126,0.6349453978159126,0.6349453978159126,0.6349453978159126
macro avg,0.5764444912675001,0.5723296562112351,0.5736772095772983,641.0
weighted avg,0.6260479215347852,0.6349453978159126,0.6299027485781666,641.0
