,precision,recall,f1-score,support
0,0.39914163090128757,0.4449760765550239,0.420814479638009,209.0
1,0.7156862745098039,0.6759259259259259,0.6952380952380952,432.0
accuracy,0.6006240249609984,0.6006240249609984,0.6006240249609984,0.6006240249609984
macro avg,0.5574139527055457,0.5604510012404749,0.5580262874380522,641.0
weighted avg,0.6124759304939226,0.6006240249609984,0.6057614405416553,641.0
