,precision,recall,f1-score,support
0,0.48128342245989303,0.430622009569378,0.4545454545454546,209.0
1,0.737885462555066,0.7754629629629629,0.7562076749435666,432.0
accuracy,0.6630265210608425,0.6630265210608425,0.6630265210608425,0.6630265210608425
macro avg,0.6095844425074796,0.6030424862661705,0.6053765647445106,641.0
weighted avg,0.6542195867674043,0.6630265210608425,0.6578497902895799,641.0
