,precision,recall,f1-score,support
0,0.4223300970873786,0.41626794258373206,0.4192771084337349,209.0
1,0.7195402298850575,0.7245370370370371,0.7220299884659745,432.0
accuracy,0.62402496099844,0.62402496099844,0.62402496099844,0.62402496099844
macro avg,0.5709351634862181,0.5704024898103845,0.5706535484498547,641.0
weighted avg,0.6226339619369844,0.62402496099844,0.6233164909203612,641.0
