,precision,recall,f1-score,support
0,0.44206008583690987,0.49282296650717705,0.46606334841628955,209.0
1,0.7401960784313726,0.6990740740740741,0.7190476190476192,432.0
accuracy,0.6318252730109204,0.6318252730109204,0.6318252730109204,0.6318252730109204
macro avg,0.5911280821341413,0.5959485202906256,0.5925554837319543,641.0
weighted avg,0.6429879310799799,0.6318252730109204,0.6365613279993385,641.0
