,precision,recall,f1-score,support
0,0.36235955056179775,0.6172248803827751,0.4566371681415929,209.0
1,0.7192982456140351,0.47453703703703703,0.5718270571827058,432.0
accuracy,0.5210608424336973,0.5210608424336973,0.5210608424336973,0.5210608424336973
macro avg,0.5408288980879165,0.545880958709906,0.5142321126621493,641.0
weighted avg,0.6029172982413087,0.5210608424336973,0.5342690434391916,641.0
