,precision,recall,f1-score,support
0,0.475,0.45454545454545453,0.46454767726161367,209.0
1,0.7414965986394558,0.7569444444444444,0.7491408934707904,432.0
accuracy,0.6583463338533542,0.6583463338533542,0.6583463338533542,0.6583463338533542
macro avg,0.6082482993197279,0.6057449494949495,0.606844285366202,641.0
weighted avg,0.6546045719379796,0.6583463338533542,0.6563484095585939,641.0
