,precision,recall,f1-score,support
0,0.35555555555555557,0.5358851674641149,0.4274809160305344,209.0
1,0.7024539877300614,0.5300925925925926,0.604221635883905,432.0
accuracy,0.53198127925117,0.53198127925117,0.53198127925117,0.53198127925117
macro avg,0.5290047716428085,0.5329888800283538,0.5158512759572197,641.0
weighted avg,0.5893466986123209,0.53198127925117,0.5465947865089371,641.0
