,precision,recall,f1-score,support
0,0.3663663663663664,0.583732057416268,0.45018450184501846,209.0
1,0.7175324675324676,0.5115740740740741,0.5972972972972973,432.0
accuracy,0.5351014040561622,0.5351014040561622,0.5351014040561622,0.5351014040561622
macro avg,0.541949416949417,0.547653065745171,0.5237408995711579,641.0
weighted avg,0.603033691957249,0.5351014040561622,0.5493307228050566,641.0
