,precision,recall,f1-score,support
0,0.3567251461988304,0.583732057416268,0.44283121597096187,209.0
1,0.7090301003344481,0.49074074074074076,0.5800273597811217,432.0
accuracy,0.5210608424336973,0.5210608424336973,0.5210608424336973,0.5210608424336973
macro avg,0.5328776232666392,0.5372363990785044,0.5114292878760418,641.0
weighted avg,0.5941599982839894,0.5210608424336973,0.5352941397244549,641.0
