,precision,recall,f1-score,support
0,0.3923444976076555,0.3923444976076555,0.3923444976076555,209.0
1,0.7060185185185185,0.7060185185185185,0.7060185185185185,432.0
accuracy,0.6037441497659907,0.6037441497659907,0.6037441497659907,0.6037441497659907
macro avg,0.549181508063087,0.549181508063087,0.549181508063087,641.0
weighted avg,0.6037441497659907,0.6037441497659907,0.6037441497659907,641.0
