,precision,recall,f1-score,support
0,0.44041450777202074,0.40669856459330145,0.4228855721393035,209.0
1,0.7232142857142857,0.75,0.7363636363636364,432.0
accuracy,0.6380655226209049,0.6380655226209049,0.6380655226209049,0.6380655226209049
macro avg,0.5818143967431533,0.5783492822966507,0.57962460425147,641.0
weighted avg,0.6310065578048732,0.6380655226209049,0.6341531598848758,641.0
