,precision,recall,f1-score,support
0,0.44385026737967914,0.39712918660287083,0.4191919191919192,209.0
1,0.7224669603524229,0.7592592592592593,0.7404063205417606,432.0
accuracy,0.641185647425897,0.641185647425897,0.641185647425897,0.641185647425897
macro avg,0.583158613866051,0.578194222931065,0.57979911986684,641.0
weighted avg,0.6316231400227763,0.641185647425897,0.635673387808349,641.0
