,precision,recall,f1-score,support
0,0.4536082474226804,0.42105263157894735,0.43672456575682383,209.0
1,0.7293064876957495,0.7546296296296297,0.7417519908987485,432.0
accuracy,0.6458658346333853,0.6458658346333853,0.6458658346333853,0.6458658346333853
macro avg,0.591457367559215,0.5878411306042886,0.5892382783277862,641.0
weighted avg,0.63941423774712,0.6458658346333853,0.6422968710006794,641.0
