,precision,recall,f1-score,support
0,0.4444444444444444,0.4784688995215311,0.46082949308755755,209.0
1,0.7379807692307693,0.7106481481481481,0.7240566037735848,432.0
accuracy,0.6349453978159126,0.6349453978159126,0.6349453978159126,0.6349453978159126
macro avg,0.5912126068376069,0.5945585238348396,0.5924430484305712,641.0
weighted avg,0.6422723575609691,0.6349453978159126,0.6382306035655042,641.0
