,precision,recall,f1-score,support
0,0.4264705882352941,0.41626794258373206,0.4213075060532687,209.0
1,0.7208237986270023,0.7291666666666666,0.7249712313003451,432.0
accuracy,0.6271450858034321,0.6271450858034321,0.6271450858034321,0.6271450858034321
macro avg,0.5736471934311482,0.5727173046251993,0.5731393686768069,641.0
weighted avg,0.6248490389205015,0.6271450858034321,0.6259607499015324,641.0
