,precision,recall,f1-score,support
0,0.43601895734597157,0.44019138755980863,0.43809523809523815,209.0
1,0.727906976744186,0.7245370370370371,0.7262180974477959,432.0
accuracy,0.6318252730109204,0.6318252730109204,0.6318252730109204,0.6318252730109204
macro avg,0.5819629670450788,0.5823642122984228,0.582156667771517,641.0
weighted avg,0.6327360000605249,0.6318252730109204,0.6322747626510961,641.0
