,precision,recall,f1-score,support
0,0.4881516587677725,0.49282296650717705,0.49047619047619045,209.0
1,0.7534883720930232,0.75,0.7517401392111369,432.0
accuracy,0.6661466458658346,0.6661466458658346,0.6661466458658346,0.6661466458658346
macro avg,0.6208200154303979,0.6214114832535885,0.6211081648436637,641.0
weighted avg,0.6669745295267558,0.6661466458658346,0.6665542339293837,641.0
