,precision,recall,f1-score,support
0,0.40825688073394495,0.4258373205741627,0.4168618266978923,209.0
1,0.7163120567375887,0.7013888888888888,0.7087719298245613,432.0
accuracy,0.6115444617784711,0.6115444617784711,0.6115444617784711,0.6115444617784711
macro avg,0.5622844687357669,0.5636131047315258,0.5628168782612268,641.0
weighted avg,0.6158697294602696,0.6115444617784711,0.6135937526740561,641.0
