,precision,recall,f1-score,support
0,0.3352601156069364,0.5550239234449761,0.418018018018018,209.0
1,0.6847457627118644,0.4675925925925926,0.5557083906464924,432.0
accuracy,0.4960998439937597,0.4960998439937597,0.4960998439937597,0.4960998439937597
macro avg,0.5100029391594004,0.5113082580187843,0.48686320433225516,641.0
weighted avg,0.570794904295437,0.4960998439937597,0.5108140257801099,641.0
