,precision,recall,f1-score,support
0,0.39351851851851855,0.40669856459330145,0.4,209.0
1,0.7082352941176471,0.6967592592592593,0.7024504084014003,432.0
accuracy,0.6021840873634945,0.6021840873634945,0.6021840873634945,0.6021840873634945
macro avg,0.5508769063180828,0.5517289119262804,0.5512252042007002,641.0
weighted avg,0.6056209320268235,0.6021840873634945,0.6038355326511777,641.0
