,precision,recall,f1-score,support
0,0.34770114942528735,0.5789473684210527,0.4344703770197487,209.0
1,0.6996587030716723,0.47453703703703703,0.5655172413793104,432.0
accuracy,0.5085803432137286,0.5085803432137286,0.5085803432137286,0.5085803432137286
macro avg,0.5236799262484798,0.5267422027290448,0.4999938091995295,641.0
weighted avg,0.5849018720075624,0.5085803432137286,0.5227890125943675,641.0
