,precision,recall,f1-score,support
0,0.5136612021857924,0.44976076555023925,0.4795918367346939,209.0
1,0.7489082969432315,0.7939814814814815,0.7707865168539326,432.0
accuracy,0.6817472698907956,0.6817472698907956,0.6817472698907956,0.6817472698907956
macro avg,0.631284749564512,0.6218711235158604,0.6251891767943133,641.0
weighted avg,0.6722052660472801,0.6817472698907956,0.6758416055514039,641.0
