,precision,recall,f1-score,support
0,0.4158415841584158,0.4019138755980861,0.40875912408759124,209.0
1,0.715261958997722,0.7268518518518519,0.7210103329506314,432.0
accuracy,0.6209048361934477,0.6209048361934477,0.6209048361934477,0.6209048361934477
macro avg,0.5655517715780689,0.564382863724969,0.5648847285191113,641.0
weighted avg,0.617635034908151,0.6209048361934477,0.6191998763946636,641.0
