,precision,recall,f1-score,support
0,0.4494949494949495,0.4258373205741627,0.43734643734643736,209.0
1,0.7291196388261851,0.7476851851851852,0.7382857142857143,432.0
accuracy,0.6427457098283932,0.6427457098283932,0.6427457098283932,0.6427457098283932
macro avg,0.5893072941605673,0.586761252879674,0.5878160758160759,641.0
weighted avg,0.6379471582174048,0.6427457098283932,0.6401635475457629,641.0
