,precision,recall,f1-score,support
0,0.32590529247910865,0.5598086124401914,0.4119718309859155,209.0
1,0.6737588652482269,0.4398148148148148,0.5322128851540616,432.0
accuracy,0.4789391575663027,0.4789391575663027,0.4789391575663027,0.4789391575663027
macro avg,0.49983207886366776,0.4998117136275031,0.47209235806998856,641.0
weighted avg,0.5603401496339591,0.4789391575663027,0.4930079236546193,641.0
