,precision,recall,f1-score,support
0,0.44019138755980863,0.44019138755980863,0.44019138755980863,209.0
1,0.7291666666666666,0.7291666666666666,0.7291666666666665,432.0
accuracy,0.6349453978159126,0.6349453978159126,0.6349453978159126,0.6349453978159126
macro avg,0.5846790271132376,0.5846790271132376,0.5846790271132376,641.0
weighted avg,0.6349453978159126,0.6349453978159126,0.6349453978159125,641.0
