,precision,recall,f1-score,support
0,0.3561253561253561,0.5980861244019139,0.4464285714285714,209.0
1,0.7103448275862069,0.47685185185185186,0.5706371191135734,432.0
accuracy,0.516380655226209,0.516380655226209,0.516380655226209,0.516380655226209
macro avg,0.5332350918557816,0.5374689881268828,0.5085328452710725,641.0
weighted avg,0.5948504913376611,0.516380655226209,0.5301385442833622,641.0
