,precision,recall,f1-score,support
0,0.3936781609195402,0.6555023923444976,0.49192100538599637,209.0
1,0.7542662116040956,0.5115740740740741,0.6096551724137931,432.0
accuracy,0.5585023400936038,0.5585023400936038,0.5585023400936038,0.5585023400936038
macro avg,0.5739721862618179,0.5835382332092858,0.5507880888998947,641.0
weighted avg,0.636695380725668,0.5585023400936038,0.5712675890927174,641.0
