,precision,recall,f1-score,support
0,0.4339622641509434,0.44019138755980863,0.4370546318289787,209.0
1,0.7272727272727273,0.7222222222222222,0.7247386759581883,432.0
accuracy,0.6302652106084243,0.6302652106084243,0.6302652106084243,0.6302652106084243
macro avg,0.5806174957118353,0.5812068048910154,0.5808966538935835,641.0
weighted avg,0.6316379584857494,0.6302652106084243,0.6309384181999905,641.0
