,precision,recall,f1-score,support
0,0.42424242424242425,0.4019138755980861,0.4127764127764128,209.0
1,0.7178329571106095,0.7361111111111112,0.7268571428571428,432.0
accuracy,0.6271450858034321,0.6271450858034321,0.6271450858034321,0.6271450858034321
macro avg,0.5710376906765169,0.5690124933545986,0.5698167778167778,641.0
weighted avg,0.6221068707308112,0.6271450858034321,0.624450165342521,641.0
