,precision,recall,f1-score,support
0,0.41232227488151657,0.41626794258373206,0.4142857142857143,209.0
1,0.7162790697674418,0.7129629629629629,0.7146171693735499,432.0
accuracy,0.6162246489859594,0.6162246489859594,0.6162246489859594,0.6162246489859594
macro avg,0.5643006723244792,0.5646154527733475,0.5644514418296321,641.0
weighted avg,0.6171730321213289,0.6162246489859594,0.6166931847973289,641.0
