,precision,recall,f1-score,support
0,0.4005602240896359,0.6842105263157895,0.5053003533568905,209.0
1,0.7676056338028169,0.5046296296296297,0.6089385474860335,432.0
accuracy,0.5631825273010921,0.5631825273010921,0.5631825273010921,0.5631825273010921
macro avg,0.5840829289462264,0.5944200779727096,0.557119450421462,641.0
weighted avg,0.647929361369034,0.5631825273010921,0.5751469990102287,641.0
