,precision,recall,f1-score,support
0,0.45089285714285715,0.48325358851674644,0.46651270207852197,209.0
1,0.7410071942446043,0.7152777777777778,0.7279151943462897,432.0
accuracy,0.6396255850234009,0.6396255850234009,0.6396255850234009,0.6396255850234009
macro avg,0.5959500256937307,0.5992656831472621,0.5972139482124058,641.0
weighted avg,0.6464145320694635,0.6396255850234009,0.6426841165241938,641.0
