,precision,recall,f1-score,support
0,0.3815028901734104,0.631578947368421,0.4756756756756757,209.0
1,0.7389830508474576,0.5046296296296297,0.5997248968363136,432.0
accuracy,0.5460218408736349,0.5460218408736349,0.5460218408736349,0.5460218408736349
macro avg,0.560242970510434,0.5681042884990253,0.5377002862559946,641.0
weighted avg,0.6224255569615358,0.5460218408736349,0.5592782709040619,641.0
