,precision,recall,f1-score,support
0,0.4595744680851064,0.5167464114832536,0.4864864864864865,209.0
1,0.7512315270935961,0.7060185185185185,0.7279236276849642,432.0
accuracy,0.6443057722308893,0.6443057722308893,0.6443057722308893,0.6443057722308893
macro avg,0.6054029975893512,0.6113824650008861,0.6072050570857254,641.0
weighted avg,0.6561358557476143,0.6443057722308893,0.6492023133160377,641.0
