,precision,recall,f1-score,support
0,0.4558139534883721,0.4688995215311005,0.46226415094339623,209.0
1,0.7394366197183099,0.7291666666666666,0.7342657342657343,432.0
accuracy,0.6443057722308893,0.6443057722308893,0.6443057722308893,0.6443057722308893
macro avg,0.597625286603341,0.5990330940988835,0.5982649426045652,641.0
weighted avg,0.6469605865793755,0.6443057722308893,0.645578790561571,641.0
