,precision,recall,f1-score,support
0,0.35792349726775957,0.6267942583732058,0.45565217391304347,209.0
1,0.7163636363636363,0.45601851851851855,0.5572842998585573,432.0
accuracy,0.5117004680187207,0.5117004680187207,0.5117004680187207,0.5117004680187207
macro avg,0.537143566815698,0.5414063884458622,0.5064682368858004,641.0
weighted avg,0.5994931385929059,0.5117004680187207,0.5241468360167283,641.0
