,precision,recall,f1-score,support
0,0.4485981308411215,0.45933014354066987,0.4539007092198582,209.0
1,0.7353629976580797,0.7268518518518519,0.7310826542491268,432.0
accuracy,0.6396255850234009,0.6396255850234009,0.6396255850234009,0.6396255850234009
macro avg,0.5919805642496005,0.5930909976962608,0.5924916817344925,641.0
weighted avg,0.6418624404587906,0.6396255850234009,0.6407066378511281,641.0
