,precision,recall,f1-score,support
0,0.45161290322580644,0.4019138755980861,0.4253164556962025,209.0
1,0.7252747252747253,0.7638888888888888,0.7440811724915444,432.0
accuracy,0.6458658346333853,0.6458658346333853,0.6458658346333853,0.6458658346333853
macro avg,0.5884438142502658,0.5829013822434874,0.5846988140938735,641.0
weighted avg,0.636046455683112,0.6458658346333853,0.6401469668593659,641.0
