,precision,recall,f1-score,support
0,0.36231884057971014,0.5980861244019139,0.4512635379061372,209.0
1,0.7162162162162162,0.49074074074074076,0.5824175824175825,432.0
accuracy,0.5257410296411856,0.5257410296411856,0.5257410296411856,0.5257410296411856
macro avg,0.5392675283979632,0.5444134325713273,0.5168405601618599,641.0
weighted avg,0.6008269002910528,0.5257410296411856,0.5396544072180629,641.0
