,precision,recall,f1-score,support
0,0.4398148148148148,0.45454545454545453,0.44705882352941173,209.0
1,0.731764705882353,0.7199074074074074,0.7257876312718787,432.0
accuracy,0.6333853354134166,0.6333853354134166,0.6333853354134166,0.6333853354134166
macro avg,0.5857897603485839,0.587226430976431,0.5864232274006452,641.0
weighted avg,0.6365735557526876,0.6333853354134166,0.6349072555804972,641.0
