,precision,recall,f1-score,support
0,0.4329896907216495,0.4019138755980861,0.41687344913151364,209.0
1,0.7203579418344519,0.7453703703703703,0.7326507394766779,432.0
accuracy,0.6333853354134166,0.6333853354134166,0.6333853354134166,0.6333853354134166
macro avg,0.5766738162780507,0.5736421229842282,0.5747620943040957,641.0
weighted avg,0.6266606493499345,0.6333853354134166,0.6296905933266945,641.0
