,precision,recall,f1-score,support
0,0.47596153846153844,0.47368421052631576,0.4748201438848921,209.0
1,0.745958429561201,0.7476851851851852,0.7468208092485549,432.0
accuracy,0.6583463338533542,0.6583463338533542,0.6583463338533542,0.6583463338533542
macro avg,0.6109599840113697,0.6106846978557505,0.6108204765667234,641.0
weighted avg,0.6579251218547587,0.6583463338533542,0.6581341648476102,641.0
