,precision,recall,f1-score,support
0,0.45454545454545453,0.40669856459330145,0.4292929292929293,209.0
1,0.7268722466960352,0.7638888888888888,0.7449209932279908,432.0
accuracy,0.6474258970358814,0.6474258970358814,0.6474258970358814,0.6474258970358814
macro avg,0.5907088506207449,0.5852937267410951,0.58710696126046,641.0
weighted avg,0.6380792676640986,0.6474258970358814,0.6420095028029863,641.0
