,precision,recall,f1-score,support
0,0.33618233618233617,0.5645933014354066,0.4214285714285714,209.0
1,0.6862068965517242,0.46064814814814814,0.551246537396122,432.0
accuracy,0.49453978159126366,0.49453978159126366,0.49453978159126366,0.49453978159126366
macro avg,0.5111946163670302,0.5126207247917773,0.48633755441234666,641.0
weighted avg,0.57208032382598,0.49453978159126366,0.5089189946703527,641.0
