,precision,recall,f1-score,support
0,0.41262135922330095,0.40669856459330145,0.4096385542168674,209.0
1,0.7149425287356321,0.7199074074074074,0.7174163783160322,432.0
accuracy,0.6177847113884556,0.6177847113884556,0.6177847113884556,0.6177847113884556
macro avg,0.5637819439794666,0.5633029860003544,0.5635274662664498,641.0
weighted avg,0.6163697917183509,0.6177847113884556,0.6170644824709067,641.0
