,precision,recall,f1-score,support
0,0.3910891089108911,0.37799043062200954,0.38442822384428227,209.0
1,0.7038724373576309,0.7152777777777778,0.7095292766934558,432.0
accuracy,0.6053042121684867,0.6053042121684867,0.6053042121684867,0.6053042121684867
macro avg,0.547480773134261,0.5466341041998937,0.546978750268869,641.0
weighted avg,0.6018884815926253,0.6053042121684867,0.6035290894150201,641.0
