,precision,recall,f1-score,support
0,0.3792134831460674,0.645933014354067,0.47787610619469034,209.0
1,0.7403508771929824,0.48842592592592593,0.5885634588563459,432.0
accuracy,0.5397815912636506,0.5397815912636506,0.5397815912636506,0.5397815912636506
macro avg,0.5597821801695249,0.5671794701399965,0.533219782525518,641.0
weighted avg,0.6226009312400881,0.5397815912636506,0.5524735107966173,641.0
