,precision,recall,f1-score,support
0,0.5128205128205128,0.4784688995215311,0.495049504950495,209.0
1,0.7556053811659192,0.7800925925925926,0.7676537585421411,432.0
accuracy,0.6817472698907956,0.6817472698907956,0.6817472698907956,0.6817472698907956
macro avg,0.6342129469932161,0.6292807460570619,0.631351631746318,641.0
weighted avg,0.6764446362607868,0.6817472698907956,0.6787703123632737,641.0
