,precision,recall,f1-score,support
0,0.4479638009049774,0.47368421052631576,0.4604651162790698,209.0
1,0.7380952380952381,0.7175925925925926,0.7276995305164319,432.0
accuracy,0.6380655226209049,0.6380655226209049,0.6380655226209049,0.6380655226209049
macro avg,0.5930295195001077,0.5956384015594541,0.5940823233977508,641.0
weighted avg,0.6434970003842171,0.6380655226209049,0.6405669367947335,641.0
