,precision,recall,f1-score,support
0,0.43243243243243246,0.45933014354066987,0.4454756380510441,209.0
1,0.7303102625298329,0.7083333333333334,0.7191539365452408,432.0
accuracy,0.6271450858034321,0.6271450858034321,0.6271450858034321,0.6271450858034321
macro avg,0.5813713474811326,0.5838317384370016,0.5823147872981425,641.0
weighted avg,0.6331862898459691,0.6271450858034321,0.6299202947585215,641.0
