,precision,recall,f1-score,support
0,0.42592592592592593,0.44019138755980863,0.4329411764705883,209.0
1,0.7247058823529412,0.7129629629629629,0.718786464410735,432.0
accuracy,0.62402496099844,0.62402496099844,0.62402496099844,0.62402496099844
macro avg,0.5753159041394336,0.5765771752613857,0.5758638204406616,641.0
weighted avg,0.6272877686349284,0.62402496099844,0.6255857387017012,641.0
