,precision,recall,f1-score,support
0,0.3587570621468927,0.6076555023923444,0.4511545293072824,209.0
1,0.7142857142857143,0.47453703703703703,0.5702364394993046,432.0
accuracy,0.5179407176287052,0.5179407176287052,0.5179407176287052,0.5179407176287052
macro avg,0.5365213882163035,0.5410962697146907,0.5106954844032935,641.0
weighted avg,0.5983645156944292,0.5179407176287052,0.5314094204195344,641.0
