,precision,recall,f1-score,support
0,0.4383561643835616,0.45933014354066987,0.4485981308411215,209.0
1,0.7322274881516587,0.7152777777777778,0.7236533957845434,432.0
accuracy,0.6318252730109204,0.6318252730109204,0.6318252730109204,0.6318252730109204
macro avg,0.5852918262676101,0.5873039606592239,0.5861257633128324,641.0
weighted avg,0.6364098490447442,0.6318252730109204,0.6339707898981546,641.0
