,precision,recall,f1-score,support
0,0.3354632587859425,0.5023923444976076,0.4022988505747126,209.0
1,0.6829268292682927,0.5185185185185185,0.5894736842105263,432.0
accuracy,0.5132605304212169,0.5132605304212169,0.5132605304212169,0.5132605304212169
macro avg,0.5091950440271176,0.510455431508063,0.49588626739261943,641.0
weighted avg,0.5696352750860599,0.5132605304212169,0.5284447602949489,641.0
